Dose_mg,Dose_route,Schedule,Baseline_target,t_days,measurement
0.01,IV,Q3W,500.0,168.0,499.902839195574
0.012949258422052624,IV,Q3W,500.0,168.0,499.87415156023087
0.016768329368110083,IV,Q3W,500.0,168.0,499.8369950859232
0.021713743029375187,IV,Q3W,500.0,168.0,499.78882158680983
0.028117686979742307,IV,Q3W,500.0,168.0,499.72640067166003
0.03641031949310673,IV,Q3W,500.0,168.0,499.64545837615964
0.04714866363457394,IV,Q3W,500.0,168.0,499.54064325102013
0.061054022965853265,IV,Q3W,500.0,168.0,499.40435985448374
0.07906043210907701,IV,Q3W,500.0,168.0,499.2274734479895
0.10237739663395848,IV,Q3W,500.0,168.0,498.997761423594
0.13257113655901087,IV,Q3W,500.0,168.0,498.69898963629123
0.17166979066078603,IV,Q3W,500.0,168.0,498.309582460644
0.22229964825261944,IV,Q3W,500.0,168.0,497.80341530911204
0.2878615592354568,IV,Q3W,500.0,168.0,497.1405943163728
0.372759372031494,IV,Q3W,500.0,168.0,496.27568238398146
0.4826957437677871,IV,Q3W,500.0,168.0,495.1399354806415
0.6250551925273973,IV,Q3W,500.0,168.0,493.6420520640235
0.8094001216083124,IV,Q3W,500.0,168.0,491.6550379588534
1.0481131341546852,IV,Q3W,500.0,168.0,488.95596014039216
1.3572287829716538,IV,Q3W,500.0,168.0,485.0353720071057
1.7575106248547911,IV,Q3W,500.0,168.0,478.7913498171571
2.2758459260747887,IV,Q3W,500.0,168.0,468.10410261980195
2.9470517025518097,IV,Q3W,500.0,168.0,450.11522505001625
3.816213407949357,IV,Q3W,500.0,168.0,422.44979684454256
4.941713361323833,IV,Q3W,500.0,168.0,384.7172993543243
6.399152336349267,IV,Q3W,500.0,168.0,339.01735468406775
8.286427728546842,IV,Q3W,500.0,168.0,289.15342419647516
10.730309405261565,IV,Q3W,500.0,168.0,239.31365438544435
13.894954943731374,IV,Q3W,500.0,168.0,193.03644410647786
17.992936232915536,IV,Q3W,500.0,168.0,152.61028000738278
23.29951810515372,IV,Q3W,500.0,168.0,118.96001730569817
30.171148105292957,IV,Q3W,500.0,168.0,91.92304545224404
39.06939937054617,IV,Q3W,500.0,168.0,70.70157351390178
50.59197488435822,IV,Q3W,500.0,168.0,54.272943876936665
65.51285568595509,IV,Q3W,500.0,168.0,41.645358609417805
84.83428982440716,IV,Q3W,500.0,168.0,31.96853527508982
109.85411419875572,IV,Q3W,500.0,168.0,24.558479075939356
142.25293134853692,IV,Q3W,500.0,168.0,18.881649869131643
184.20699693267164,IV,Q3W,500.0,168.0,14.528548767116241
238.53440064314213,IV,Q3W,500.0,168.0,11.186839760828004
308.88435964774783,IV,Q3W,500.0,168.0,8.61886805854808
399.9823395608933,IV,Q3W,500.0,168.0,6.6436062238627125
517.9474679231213,IV,Q3W,500.0,168.0,5.123053655596292
670.7035611184313,IV,Q3W,500.0,168.0,3.9517612385556045
868.511373751352,IV,Q3W,500.0,168.0,3.049029905144297
1124.6578221198197,IV,Q3W,500.0,168.0,2.3529883752251064
1456.3484775012444,IV,Q3W,500.0,168.0,1.8161011650195358
1885.8632787726515,IV,Q3W,500.0,168.0,1.4018974814020073
2442.05309454865,IV,Q3W,500.0,168.0,1.082252912613003
3162.2776601683795,IV,Q3W,500.0,168.0,0.8355577648534697
0.01,IV,Q3W,1000.0,168.0,999.9206096767601
0.012949258422052624,IV,Q3W,1000.0,168.0,999.897178060303
0.016768329368110083,IV,Q3W,1000.0,168.0,999.8668237382747
0.021713743029375187,IV,Q3W,1000.0,168.0,999.8274991966776
0.028117686979742307,IV,Q3W,1000.0,168.0,999.7765457764928
0.03641031949310673,IV,Q3W,1000.0,168.0,999.7105004731745
0.04714866363457394,IV,Q3W,1000.0,168.0,999.6249993265876
0.061054022965853265,IV,Q3W,1000.0,168.0,999.5140955593029
0.07906043210907701,IV,Q3W,1000.0,168.0,999.3695352731119
0.10237739663395848,IV,Q3W,1000.0,168.0,999.1828949207905
0.13257113655901087,IV,Q3W,1000.0,168.0,998.9400936287544
0.17166979066078603,IV,Q3W,1000.0,168.0,998.6236292419633
0.22229964825261944,IV,Q3W,1000.0,168.0,998.2132986334339
0.2878615592354568,IV,Q3W,1000.0,168.0,997.6775476748784
0.372759372031494,IV,Q3W,1000.0,168.0,996.9709413568662
0.4826957437677871,IV,Q3W,1000.0,168.0,996.0664123629728
0.6250551925273973,IV,Q3W,1000.0,168.0,994.867931439314
0.8094001216083124,IV,Q3W,1000.0,168.0,993.2966585429224
1.0481131341546852,IV,Q3W,1000.0,168.0,991.2214515677703
1.3572287829716538,IV,Q3W,1000.0,168.0,988.4708266792744
1.7575106248547911,IV,Q3W,1000.0,168.0,984.7825354676812
2.2758459260747887,IV,Q3W,1000.0,168.0,979.6377658928362
2.9470517025518097,IV,Q3W,1000.0,168.0,971.5462251417143
3.816213407949357,IV,Q3W,1000.0,168.0,956.3123400818779
4.941713361323833,IV,Q3W,1000.0,168.0,925.080265077037
6.399152336349267,IV,Q3W,1000.0,168.0,866.5762063653402
8.286427728546842,IV,Q3W,1000.0,168.0,775.3872651890138
10.730309405261565,IV,Q3W,1000.0,168.0,658.8131192015296
13.894954943731374,IV,Q3W,1000.0,168.0,533.065278353895
17.992936232915536,IV,Q3W,1000.0,168.0,414.1103608038334
23.29951810515372,IV,Q3W,1000.0,168.0,312.34386808669876
30.171148105292957,IV,Q3W,1000.0,168.0,231.6378904701174
39.06939937054617,IV,Q3W,1000.0,168.0,170.8152982692645
50.59197488435822,IV,Q3W,1000.0,168.0,126.20202759857592
65.51285568595509,IV,Q3W,1000.0,168.0,93.75826551653232
84.83428982440716,IV,Q3W,1000.0,168.0,70.11271427200157
109.85411419875572,IV,Q3W,1000.0,168.0,52.75625803975376
142.25293134853692,IV,Q3W,1000.0,168.0,39.90931219300846
184.20699693267164,IV,Q3W,1000.0,168.0,30.32432222480799
238.53440064314213,IV,Q3W,1000.0,168.0,23.123304897628493
308.88435964774783,IV,Q3W,1000.0,168.0,17.681748375450557
399.9823395608933,IV,Q3W,1000.0,168.0,13.550587956200436
517.9474679231213,IV,Q3W,1000.0,168.0,10.40253701738162
670.7035611184313,IV,Q3W,1000.0,168.0,7.996478647954067
868.511373751352,IV,Q3W,1000.0,168.0,6.1533373017096284
1124.6578221198197,IV,Q3W,1000.0,168.0,4.738855884925123
1456.3484775012444,IV,Q3W,1000.0,168.0,3.651791450332431
1885.8632787726515,IV,Q3W,1000.0,168.0,2.8154617500876613
2442.05309454865,IV,Q3W,1000.0,168.0,2.171454411499798
3162.2776601683795,IV,Q3W,1000.0,168.0,1.6752550750401225
0.01,IV,Q3W,3000.0,168.0,2999.9603051431227
0.012949258422052624,IV,Q3W,3000.0,168.0,2999.9485953801554
0.016768329368110083,IV,Q3W,3000.0,168.0,2999.9334304863105
0.021713743029375187,IV,Q3W,3000.0,168.0,2999.9137897694886
0.028117686979742307,IV,Q3W,3000.0,168.0,2999.8883523496525
0.03641031949310673,IV,Q3W,3000.0,168.0,2999.8554014563974
0.04714866363457394,IV,Q3W,3000.0,168.0,2999.812717300579
0.061054022965853265,IV,Q3W,3000.0,168.0,2999.757415223559
0.07906043210907701,IV,Q3W,3000.0,168.0,2999.6857249799536
0.10237739663395848,IV,Q3W,3000.0,168.0,2999.5928231397643
0.13257113655901087,IV,Q3W,3000.0,168.0,2999.471887424279
0.17166979066078603,IV,Q3W,3000.0,168.0,2999.3162831311915
0.22229964825261944,IV,Q3W,3000.0,168.0,2999.1124201675716
0.2878615592354568,IV,Q3W,3000.0,168.0,2998.8505849297676
0.372759372031494,IV,Q3W,3000.0,168.0,2998.5089471855886
0.4826957437677871,IV,Q3W,3000.0,168.0,2998.0643901175645
0.6250551925273973,IV,Q3W,3000.0,168.0,2997.485700910867
0.8094001216083124,IV,Q3W,3000.0,168.0,2996.733621756398
1.0481131341546852,IV,Q3W,3000.0,168.0,2995.745795837167
1.3572287829716538,IV,Q3W,3000.0,168.0,2994.4567859661693
1.7575106248547911,IV,Q3W,3000.0,168.0,2992.768078539387
2.2758459260747887,IV,Q3W,3000.0,168.0,2990.542771319725
2.9470517025518097,IV,Q3W,3000.0,168.0,2987.6165906336637
3.816213407949357,IV,Q3W,3000.0,168.0,2983.7428343494225
4.941713361323833,IV,Q3W,3000.0,168.0,2978.5975647146374
6.399152336349267,IV,Q3W,3000.0,168.0,2971.7299064548297
8.286427728546842,IV,Q3W,3000.0,168.0,2962.3567573958208
10.730309405261565,IV,Q3W,3000.0,168.0,2947.818154331572
13.894954943731374,IV,Q3W,3000.0,168.0,2911.9318715551885
17.992936232915536,IV,Q3W,3000.0,168.0,2786.311735025062
23.29951810515372,IV,Q3W,3000.0,168.0,2434.9921496311404
30.171148105292957,IV,Q3W,3000.0,168.0,1850.4966187266823
39.06939937054617,IV,Q3W,3000.0,168.0,1259.2132685287559
50.59197488435822,IV,Q3W,3000.0,168.0,810.4233866230088
65.51285568595509,IV,Q3W,3000.0,168.0,513.4550055416934
84.83428982440716,IV,Q3W,3000.0,168.0,331.8226767412951
109.85411419875572,IV,Q3W,3000.0,168.0,222.38149331517357
142.25293134853692,IV,Q3W,3000.0,168.0,154.29420533336855
184.20699693267164,IV,Q3W,3000.0,168.0,110.01559433243709
238.53440064314213,IV,Q3W,3000.0,168.0,80.05080157215315
308.88435964774783,IV,Q3W,3000.0,168.0,59.121801991362204
399.9823395608933,IV,Q3W,3000.0,168.0,44.14715364786684
517.9474679231213,IV,Q3W,3000.0,168.0,33.23490734707577
670.7035611184313,IV,Q3W,3000.0,168.0,25.173051220504664
868.511373751352,IV,Q3W,3000.0,168.0,19.154400860360813
1124.6578221198197,IV,Q3W,3000.0,168.0,14.625471530723964
1456.3484775012444,IV,Q3W,3000.0,168.0,11.196953803032896
1885.8632787726515,IV,Q3W,3000.0,168.0,8.589342585270357
2442.05309454865,IV,Q3W,3000.0,168.0,6.599148296406391
3162.2776601683795,IV,Q3W,3000.0,168.0,5.0761008610687295
0.01,IV,Q3W,5000.0,168.0,4999.973915985024
0.012949258422052624,IV,Q3W,5000.0,168.0,4999.966222246139
0.016768329368110083,IV,Q3W,5000.0,168.0,4999.956259042442
0.021713743029375187,IV,Q3W,5000.0,168.0,4999.943356108395
0.028117686979742307,IV,Q3W,5000.0,168.0,4999.926646468516
0.03641031949310673,IV,Q3W,5000.0,168.0,4999.9050056531405
0.04714866363457394,IV,Q3W,5000.0,168.0,4999.876976478698
0.061054022965853265,IV,Q3W,5000.0,168.0,4999.840673372318
0.07906043210907701,IV,Q3W,5000.0,168.0,4999.7936464525565
0.10237739663395848,IV,Q3W,5000.0,168.0,4999.732725841148
0.13257113655901087,IV,Q3W,5000.0,168.0,4999.653406127294
0.17166979066078603,IV,Q3W,5000.0,168.0,4999.551422300837
0.22229964825261944,IV,Q3W,5000.0,168.0,4999.418844217009
0.2878615592354568,IV,Q3W,5000.0,168.0,4999.247163312245
0.372759372031494,IV,Q3W,5000.0,168.0,4999.023097409686
0.4826957437677871,IV,Q3W,5000.0,168.0,4998.733706024359
0.6250551925273973,IV,Q3W,5000.0,168.0,4998.357257289409
0.8094001216083124,IV,Q3W,5000.0,168.0,4997.867543074967
1.0481131341546852,IV,Q3W,5000.0,168.0,4997.230549895622
1.3572287829716538,IV,Q3W,5000.0,168.0,4996.398176466761
1.7575106248547911,IV,Q3W,5000.0,168.0,4995.312446447824
2.2758459260747887,IV,Q3W,5000.0,168.0,4993.892038788842
2.9470517025518097,IV,Q3W,5000.0,168.0,4992.030243408791
3.816213407949357,IV,Q3W,5000.0,168.0,4989.583221830743
4.941713361323833,IV,Q3W,5000.0,168.0,4986.354816801432
6.399152336349267,IV,Q3W,5000.0,168.0,4982.103710988815
8.286427728546842,IV,Q3W,5000.0,168.0,4976.461865373032
10.730309405261565,IV,Q3W,5000.0,168.0,4968.960202416901
13.894954943731374,IV,Q3W,5000.0,168.0,4958.920323948842
17.992936232915536,IV,Q3W,5000.0,168.0,4945.103363194877
23.29951810515372,IV,Q3W,5000.0,168.0,4920.019930158882
30.171148105292957,IV,Q3W,5000.0,168.0,4815.051486129243
39.06939937054617,IV,Q3W,5000.0,168.0,4295.262889935884
50.59197488435822,IV,Q3W,5000.0,168.0,3039.5185708315344
65.51285568595509,IV,Q3W,5000.0,168.0,1797.2113873777575
84.83428982440716,IV,Q3W,5000.0,168.0,1019.3678101304944
109.85411419875572,IV,Q3W,5000.0,168.0,584.7514021700346
142.25293134853692,IV,Q3W,5000.0,168.0,355.40505529934313
184.20699693267164,IV,Q3W,5000.0,168.0,230.69160197436244
238.53440064314213,IV,Q3W,5000.0,168.0,157.41912098093908
308.88435964774783,IV,Q3W,5000.0,168.0,111.21213205182109
399.9823395608933,IV,Q3W,5000.0,168.0,80.47924887599032
517.9474679231213,IV,Q3W,5000.0,168.0,59.23418732773096
670.7035611184313,IV,Q3W,5000.0,168.0,44.13069013449018
868.511373751352,IV,Q3W,5000.0,168.0,33.17123837040177
1124.6578221198197,IV,Q3W,5000.0,168.0,25.097511530775407
1456.3484775012444,IV,Q3W,5000.0,168.0,19.082188877731664
1885.8632787726515,IV,Q3W,5000.0,168.0,14.561964512629684
2442.05309454865,IV,Q3W,5000.0,168.0,11.143570905058692
3162.2776601683795,IV,Q3W,5000.0,168.0,8.545744909220907
0.01,IV,Q3W,10000.0,168.0,9999.986000739182
0.012949258422052624,IV,Q3W,10000.0,168.0,9999.981875121915
0.016768329368110083,IV,Q3W,10000.0,168.0,9999.976529296082
0.021713743029375187,IV,Q3W,10000.0,168.0,9999.969606939174
0.028117686979742307,IV,Q3W,10000.0,168.0,9999.96064243175
0.03641031949310673,IV,Q3W,10000.0,168.0,9999.949033600858
0.04714866363457394,IV,Q3W,10000.0,168.0,9999.934000360086
0.061054022965853265,IV,Q3W,10000.0,168.0,9999.914531650207
0.07906043210907701,IV,Q3W,10000.0,168.0,9999.88931893847
0.10237739663395848,IV,Q3W,10000.0,168.0,9999.856664097422
0.13257113655901087,IV,Q3W,10000.0,168.0,9999.814370594271
0.17166979066078603,IV,Q3W,10000.0,168.0,9999.759587335155
0.22229964825261944,IV,Q3W,10000.0,168.0,9999.688622547275
0.2878615592354568,IV,Q3W,10000.0,168.0,9999.596656609383
0.372759372031494,IV,Q3W,10000.0,168.0,9999.477453625977
0.4826957437677871,IV,Q3W,10000.0,168.0,9999.322931042761
0.6250551925273973,IV,Q3W,10000.0,168.0,9999.12215685118
0.8094001216083124,IV,Q3W,10000.0,168.0,9998.862579964614
1.0481131341546852,IV,Q3W,10000.0,168.0,9998.525291657577
1.3572287829716538,IV,Q3W,10000.0,168.0,9998.08605793054
1.7575106248547911,IV,Q3W,10000.0,168.0,9997.514003997972
2.2758459260747887,IV,Q3W,10000.0,168.0,9996.770471901771
2.9470517025518097,IV,Q3W,10000.0,168.0,9995.798955362074
3.816213407949357,IV,Q3W,10000.0,168.0,9994.531247838579
4.941713361323833,IV,Q3W,10000.0,168.0,9992.871979163298
6.399152336349267,IV,Q3W,10000.0,168.0,9990.696332847863
8.286427728546842,IV,Q3W,10000.0,168.0,9987.836542389985
10.730309405261565,IV,Q3W,10000.0,168.0,9984.065384329313
13.894954943731374,IV,Q3W,10000.0,168.0,9979.106027471313
17.992936232915536,IV,Q3W,10000.0,168.0,9972.533530782299
23.29951810515372,IV,Q3W,10000.0,168.0,9963.825677380573
30.171148105292957,IV,Q3W,10000.0,168.0,9952.19650475885
39.06939937054617,IV,Q3W,10000.0,168.0,9936.682750683269
50.59197488435822,IV,Q3W,10000.0,168.0,9914.869666281294
65.51285568595509,IV,Q3W,10000.0,168.0,9846.428410524277
84.83428982440716,IV,Q3W,10000.0,168.0,9007.791517186888
109.85411419875572,IV,Q3W,10000.0,168.0,5155.705367118896
142.25293134853692,IV,Q3W,10000.0,168.0,2255.7187934936187
184.20699693267164,IV,Q3W,10000.0,168.0,1070.2368679245942
238.53440064314213,IV,Q3W,10000.0,168.0,553.4036861033101
308.88435964774783,IV,Q3W,10000.0,168.0,325.3281263584572
399.9823395608933,IV,Q3W,10000.0,168.0,209.7836942854709
517.9474679231213,IV,Q3W,10000.0,168.0,143.21591581134192
670.7035611184313,IV,Q3W,10000.0,168.0,101.37948485698442
868.511373751352,IV,Q3W,10000.0,168.0,73.51581605647998
1124.6578221198197,IV,Q3W,10000.0,168.0,54.20526073139242
1456.3484775012444,IV,Q3W,10000.0,168.0,40.44227884733291
1885.8632787726515,IV,Q3W,10000.0,168.0,30.43354639893308
2442.05309454865,IV,Q3W,10000.0,168.0,23.04665555268485
3162.2776601683795,IV,Q3W,10000.0,168.0,17.534825493216808
0.01,IV,Q3W,40000.0,168.0,39999.996305089364
0.012949258422052624,IV,Q3W,40000.0,168.0,39999.995214863004
0.016768329368110083,IV,Q3W,40000.0,168.0,39999.9938041577
0.021713743029375187,IV,Q3W,40000.0,168.0,39999.99197740592
0.028117686979742307,IV,Q3W,40000.0,168.0,39999.98961074178
0.03641031949310673,IV,Q3W,40000.0,168.0,39999.98654655906
0.04714866363457394,IV,Q3W,40000.0,168.0,39999.982577952505
0.061054022965853265,IV,Q3W,40000.0,168.0,39999.97744081442
0.07906043210907701,IV,Q3W,40000.0,168.0,39999.970787560764
0.10237739663395848,IV,Q3W,40000.0,168.0,39999.96217111366
0.13257113655901087,IV,Q3W,40000.0,168.0,39999.95101468704
0.17166979066078603,IV,Q3W,40000.0,168.0,39999.9365670426
0.22229964825261944,IV,Q3W,40000.0,168.0,39999.917857976194
0.2878615592354568,IV,Q3W,40000.0,168.0,39999.89363151623
0.372759372031494,IV,Q3W,40000.0,168.0,39999.86225480383
0.4826957437677871,IV,Q3W,40000.0,168.0,39999.82162429709
0.6250551925273973,IV,Q3W,40000.0,168.0,39999.76899345372
0.8094001216083124,IV,Q3W,40000.0,168.0,39999.70084235201
1.0481131341546852,IV,Q3W,40000.0,168.0,39999.61253586556
1.3572287829716538,IV,Q3W,40000.0,168.0,39999.498097999334
1.7575106248547911,IV,Q3W,40000.0,168.0,39999.349744917585
2.2758459260747887,IV,Q3W,40000.0,168.0,39999.15733930731
2.9470517025518097,IV,Q3W,40000.0,168.0,39998.9076753626
3.816213407949357,IV,Q3W,40000.0,168.0,39998.58352961914
4.941713361323833,IV,Q3W,40000.0,168.0,39998.16288595872
6.399152336349267,IV,Q3W,40000.0,168.0,39997.614638074876
8.286427728546842,IV,Q3W,40000.0,168.0,39996.90153019624
10.730309405261565,IV,Q3W,40000.0,168.0,39995.97254495777
13.894954943731374,IV,Q3W,40000.0,168.0,39994.75879894581
17.992936232915536,IV,Q3W,40000.0,168.0,39993.17326974061
23.29951810515372,IV,Q3W,40000.0,168.0,39991.09661715865
30.171148105292957,IV,Q3W,40000.0,168.0,39988.37275087266
39.06939937054617,IV,Q3W,40000.0,168.0,39984.78752755426
50.59197488435822,IV,Q3W,40000.0,168.0,39980.07465873286
65.51285568595509,IV,Q3W,40000.0,168.0,39973.85438890697
84.83428982440716,IV,Q3W,40000.0,168.0,39965.67798540485
109.85411419875572,IV,Q3W,40000.0,168.0,39954.832915146195
142.25293134853692,IV,Q3W,40000.0,168.0,39940.43336199338
184.20699693267164,IV,Q3W,40000.0,168.0,39921.38732938971
238.53440064314213,IV,Q3W,40000.0,168.0,39895.88260158827
308.88435964774783,IV,Q3W,40000.0,168.0,39860.16290937536
399.9823395608933,IV,Q3W,40000.0,168.0,38666.637464304185
517.9474679231213,IV,Q3W,40000.0,168.0,7369.371944396853
670.7035611184313,IV,Q3W,40000.0,168.0,2033.3150602669257
868.511373751352,IV,Q3W,40000.0,168.0,809.4726965046029
1124.6578221198197,IV,Q3W,40000.0,168.0,414.10547047808967
1456.3484775012444,IV,Q3W,40000.0,168.0,251.66520542969656
1885.8632787726515,IV,Q3W,40000.0,168.0,166.63315040544626
2442.05309454865,IV,Q3W,40000.0,168.0,115.86025620531747
3162.2776601683795,IV,Q3W,40000.0,168.0,83.06363439514806
0.01,SC,Q2W,500.0,112.0,499.6024065151405
0.012949258422052624,SC,Q2W,500.0,112.0,499.4846712073717
0.016768329368110083,SC,Q2W,500.0,112.0,499.3318874522288
0.021713743029375187,SC,Q2W,500.0,112.0,499.13349264015085
0.028117686979742307,SC,Q2W,500.0,112.0,498.87564626253527
0.03641031949310673,SC,Q2W,500.0,112.0,498.54015647851196
0.04714866363457394,SC,Q2W,500.0,112.0,498.1030041391407
0.061054022965853265,SC,Q2W,500.0,112.0,497.532212655336
0.07906043210907701,SC,Q2W,500.0,112.0,496.785000424751
0.10237739663395848,SC,Q2W,500.0,112.0,495.80269433040024
0.13257113655901087,SC,Q2W,500.0,112.0,494.5052599173299
0.17166979066078603,SC,Q2W,500.0,112.0,492.77741101010406
0.22229964825261944,SC,Q2W,500.0,112.0,490.4478683524839
0.2878615592354568,SC,Q2W,500.0,112.0,487.2525336904438
0.372759372031494,SC,Q2W,500.0,112.0,482.7454608085695
0.4826957437677871,SC,Q2W,500.0,112.0,476.1638949921365
0.6250551925273973,SC,Q2W,500.0,112.0,466.27769473574654
0.8094001216083124,SC,Q2W,500.0,112.0,451.42817536722424
1.0481131341546852,SC,Q2W,500.0,112.0,430.0480098091009
1.3572287829716538,SC,Q2W,500.0,112.0,401.52577682667845
1.7575106248547911,SC,Q2W,500.0,112.0,366.77920450255925
2.2758459260747887,SC,Q2W,500.0,112.0,327.99687159666775
2.9470517025518097,SC,Q2W,500.0,112.0,287.7147832658049
3.816213407949357,SC,Q2W,500.0,112.0,248.03957270152583
4.941713361323833,SC,Q2W,500.0,112.0,210.3543506708872
6.399152336349267,SC,Q2W,500.0,112.0,175.46903965073153
8.286427728546842,SC,Q2W,500.0,112.0,143.92214351108345
10.730309405261565,SC,Q2W,500.0,112.0,116.13814948087818
13.894954943731374,SC,Q2W,500.0,112.0,92.39262366279989
17.992936232915536,SC,Q2W,500.0,112.0,72.68973803075595
23.29951810515372,SC,Q2W,500.0,112.0,56.743563343481945
30.171148105292957,SC,Q2W,500.0,112.0,44.072611424185
39.06939937054617,SC,Q2W,500.0,112.0,34.12766387246853
50.59197488435822,SC,Q2W,500.0,112.0,26.38133369221964
65.51285568595509,SC,Q2W,500.0,112.0,20.374874665446608
84.83428982440716,SC,Q2W,500.0,112.0,15.728982293009643
109.85411419875572,SC,Q2W,500.0,112.0,12.140448244273715
142.25293134853692,SC,Q2W,500.0,112.0,9.37030643391575
184.20699693267164,SC,Q2W,500.0,112.0,7.232507367080403
238.53440064314213,SC,Q2W,500.0,112.0,5.582785805072776
308.88435964774783,SC,Q2W,500.0,112.0,4.309661419226032
399.9823395608933,SC,Q2W,500.0,112.0,3.327088279248396
517.9474679231213,SC,Q2W,500.0,112.0,2.5686884814324755
670.7035611184313,SC,Q2W,500.0,112.0,1.983262235097307
868.511373751352,SC,Q2W,500.0,112.0,1.531323229161987
1124.6578221198197,SC,Q2W,500.0,112.0,1.1824064513275807
1456.3484775012444,SC,Q2W,500.0,112.0,0.9130217897414425
1885.8632787726515,SC,Q2W,500.0,112.0,0.7050227848718611
2442.05309454865,SC,Q2W,500.0,112.0,0.5444185092561289
3162.2776601683795,SC,Q2W,500.0,112.0,0.4204060251805823
0.01,SC,Q2W,1000.0,112.0,999.5748278938815
0.012949258422052624,SC,Q2W,1000.0,112.0,999.4491626694999
0.016768329368110083,SC,Q2W,1000.0,112.0,999.2862518212171
0.021713743029375187,SC,Q2W,1000.0,112.0,999.0749803944944
0.028117686979742307,SC,Q2W,1000.0,112.0,998.8008838880673
0.03641031949310673,SC,Q2W,1000.0,112.0,998.4450609047199
0.04714866363457394,SC,Q2W,1000.0,112.0,997.9827943027663
0.061054022965853265,SC,Q2W,1000.0,112.0,997.3816814244797
0.07906043210907701,SC,Q2W,1000.0,112.0,996.5989619217054
0.10237739663395848,SC,Q2W,1000.0,112.0,995.577798830404
0.13257113655901087,SC,Q2W,1000.0,112.0,994.2429379016261
0.17166979066078603,SC,Q2W,1000.0,112.0,992.4929011678067
0.22229964825261944,SC,Q2W,1000.0,112.0,990.1828840613463
0.2878615592354568,SC,Q2W,1000.0,112.0,987.1239197104459
0.372759372031494,SC,Q2W,1000.0,112.0,983.0278269114657
0.4826957437677871,SC,Q2W,1000.0,112.0,977.4628592284876
0.6250551925273973,SC,Q2W,1000.0,112.0,969.7156562586426
0.8094001216083124,SC,Q2W,1000.0,112.0,958.442233232791
1.0481131341546852,SC,Q2W,1000.0,112.0,941.0281975792266
1.3572287829716538,SC,Q2W,1000.0,112.0,912.6323535968049
1.7575106248547911,SC,Q2W,1000.0,112.0,866.7174170547405
2.2758459260747887,SC,Q2W,1000.0,112.0,798.7853442912502
2.9470517025518097,SC,Q2W,1000.0,112.0,711.3687953699055
3.816213407949357,SC,Q2W,1000.0,112.0,613.9487586129594
4.941713361323833,SC,Q2W,1000.0,112.0,517.152910234026
6.399152336349267,SC,Q2W,1000.0,112.0,427.79680828599595
8.286427728546842,SC,Q2W,1000.0,112.0,348.37219952584235
10.730309405261565,SC,Q2W,1000.0,112.0,279.02328338389077
13.894954943731374,SC,Q2W,1000.0,112.0,219.4728837790914
17.992936232915536,SC,Q2W,1000.0,112.0,169.7454419668122
23.29951810515372,SC,Q2W,1000.0,112.0,129.7080546824701
30.171148105292957,SC,Q2W,1000.0,112.0,98.50352547852371
39.06939937054617,SC,Q2W,1000.0,112.0,74.68734094245171
50.59197488435822,SC,Q2W,1000.0,112.0,56.68863088381745
65.51285568595509,SC,Q2W,1000.0,112.0,43.12160707575435
84.83428982440716,SC,Q2W,1000.0,112.0,32.8828629203287
109.85411419875572,SC,Q2W,1000.0,112.0,25.133904456748102
142.25293134853692,SC,Q2W,1000.0,112.0,19.250375076645028
184.20699693267164,SC,Q2W,1000.0,112.0,14.769283574317107
238.53440064314213,SC,Q2W,1000.0,112.0,11.347122735655285
308.88435964774783,SC,Q2W,1000.0,112.0,8.72759848679925
399.9823395608933,SC,Q2W,1000.0,112.0,6.718754949297535
517.9474679231213,SC,Q2W,1000.0,112.0,5.175884517209985
670.7035611184313,SC,Q2W,1000.0,112.0,3.989478110465134
868.511373751352,SC,Q2W,1000.0,112.0,3.076339734952447
1124.6578221198197,SC,Q2W,1000.0,112.0,2.3729863036063015
1456.3484775012444,SC,Q2W,1000.0,112.0,1.830919489190268
1885.8632787726515,SC,Q2W,1000.0,112.0,1.412949250184057
2442.05309454865,SC,Q2W,1000.0,112.0,1.0905705949398656
3162.2776601683795,SC,Q2W,1000.0,112.0,0.8418445350411756
0.01,SC,Q2W,3000.0,112.0,2999.5935412121953
0.012949258422052624,SC,Q2W,3000.0,112.0,2999.473606525375
0.016768329368110083,SC,Q2W,3000.0,112.0,2999.318264085304
0.021713743029375187,SC,Q2W,3000.0,112.0,2999.1170380390076
0.028117686979742307,SC,Q2W,3000.0,112.0,2998.856357220254
0.03641031949310673,SC,Q2W,3000.0,112.0,2998.518608924104
0.04714866363457394,SC,Q2W,3000.0,112.0,2998.0809374961896
0.061054022965853265,SC,Q2W,3000.0,112.0,2997.513673641801
0.07906043210907701,SC,Q2W,3000.0,112.0,2996.7781713770028
0.10237739663395848,SC,Q2W,3000.0,112.0,2995.8243183975
0.13257113655901087,SC,Q2W,3000.0,112.0,2994.5865834361457
0.17166979066078603,SC,Q2W,3000.0,112.0,2992.979473870358
0.22229964825261944,SC,Q2W,3000.0,112.0,2990.8913657295648
0.2878615592354568,SC,Q2W,3000.0,112.0,2988.175063478087
0.372759372031494,SC,Q2W,3000.0,112.0,2984.6363850481994
0.4826957437677871,SC,Q2W,3000.0,112.0,2980.0176086881943
0.6250551925273973,SC,Q2W,3000.0,112.0,2973.9738598460262
0.8094001216083124,SC,Q2W,3000.0,112.0,2966.0363731953867
1.0481131341546852,SC,Q2W,3000.0,112.0,2955.565214142142
1.3572287829716538,SC,Q2W,3000.0,112.0,2941.63726377038
1.7575106248547911,SC,Q2W,3000.0,112.0,2922.9157473963264
2.2758459260747887,SC,Q2W,3000.0,112.0,2897.2554077783134
2.9470517025518097,SC,Q2W,3000.0,112.0,2860.6137302215875
3.816213407949357,SC,Q2W,3000.0,112.0,2801.978398904617
4.941713361323833,SC,Q2W,3000.0,112.0,2685.930654472714
6.399152336349267,SC,Q2W,3000.0,112.0,2435.0466739843296
8.286427728546842,SC,Q2W,3000.0,112.0,2010.709037262474
10.730309405261565,SC,Q2W,3000.0,112.0,1532.335275582704
13.894954943731374,SC,Q2W,3000.0,112.0,1135.4838523349708
17.992936232915536,SC,Q2W,3000.0,112.0,843.646980326389
23.29951810515372,SC,Q2W,3000.0,112.0,627.8373061311162
30.171148105292957,SC,Q2W,3000.0,112.0,461.2246348367791
39.06939937054617,SC,Q2W,3000.0,112.0,331.088917058554
50.59197488435822,SC,Q2W,3000.0,112.0,234.34988524728377
65.51285568595509,SC,Q2W,3000.0,112.0,166.5082578031531
84.83428982440716,SC,Q2W,3000.0,112.0,119.87624412868665
109.85411419875572,SC,Q2W,3000.0,112.0,87.55269845862786
142.25293134853692,SC,Q2W,3000.0,112.0,64.74670097462646
184.20699693267164,SC,Q2W,3000.0,112.0,48.36113533293958
238.53440064314213,SC,Q2W,3000.0,112.0,36.40363478610133
308.88435964774783,SC,Q2W,3000.0,112.0,27.566218991509327
399.9823395608933,SC,Q2W,3000.0,112.0,20.96956412710727
517.9474679231213,SC,Q2W,3000.0,112.0,16.00741448414602
670.7035611184313,SC,Q2W,3000.0,112.0,12.25209600552504
868.511373751352,SC,Q2W,3000.0,112.0,9.39702760362593
1124.6578221198197,SC,Q2W,3000.0,112.0,7.218642885085238
1456.3484775012444,SC,Q2W,3000.0,112.0,5.551947829942851
1885.8632787726515,SC,Q2W,3000.0,112.0,4.274063971752504
2442.05309454865,SC,Q2W,3000.0,112.0,3.2926542958233114
3162.2776601683795,SC,Q2W,3000.0,112.0,2.5380007815718124
0.01,SC,Q2W,5000.0,112.0,4999.606934973226
0.012949258422052624,SC,Q2W,5000.0,112.0,4999.490978903325
0.016768329368110083,SC,Q2W,5000.0,112.0,4999.340821358435
0.021713743029375187,SC,Q2W,5000.0,112.0,4999.146336829806
0.028117686979742307,SC,Q2W,5000.0,112.0,4998.894458502279
0.03641031949310673,SC,Q2W,5000.0,112.0,4998.568206630781
0.04714866363457394,SC,Q2W,5000.0,112.0,4998.145627014029
0.061054022965853265,SC,Q2W,5000.0,112.0,4997.598183110005
0.07906043210907701,SC,Q2W,5000.0,112.0,4996.888923222998
0.10237739663395848,SC,Q2W,5000.0,112.0,4995.969871576007
0.13257113655901087,SC,Q2W,5000.0,112.0,4994.778779535843
0.17166979066078603,SC,Q2W,5000.0,112.0,4993.2345167725325
0.22229964825261944,SC,Q2W,5000.0,112.0,4991.232094120734
0.2878615592354568,SC,Q2W,5000.0,112.0,4988.634122220219
0.372759372031494,SC,Q2W,5000.0,112.0,4985.261624517106
0.4826957437677871,SC,Q2W,5000.0,112.0,4980.880448935347
0.6250551925273973,SC,Q2W,5000.0,112.0,4975.182325825828
0.8094001216083124,SC,Q2W,5000.0,112.0,4967.762689931494
1.0481131341546852,SC,Q2W,5000.0,112.0,4958.087925320419
1.3572287829716538,SC,Q2W,5000.0,112.0,4945.425178000126
1.7575106248547911,SC,Q2W,5000.0,112.0,4928.816651075721
2.2758459260747887,SC,Q2W,5000.0,112.0,4906.916212031635
2.9470517025518097,SC,Q2W,5000.0,112.0,4877.832702020295
3.816213407949357,SC,Q2W,5000.0,112.0,4838.777685366604
4.941713361323833,SC,Q2W,5000.0,112.0,4785.281157218321
6.399152336349267,SC,Q2W,5000.0,112.0,4707.868402724138
8.286427728546842,SC,Q2W,5000.0,112.0,4568.379081507454
10.730309405261565,SC,Q2W,5000.0,112.0,4198.232351281071
13.894954943731374,SC,Q2W,5000.0,112.0,3329.893948977176
17.992936232915536,SC,Q2W,5000.0,112.0,2278.7748708808163
23.29951810515372,SC,Q2W,5000.0,112.0,1530.996135283645
30.171148105292957,SC,Q2W,5000.0,112.0,1069.4336465288006
39.06939937054617,SC,Q2W,5000.0,112.0,763.4134473030715
50.59197488435822,SC,Q2W,5000.0,112.0,538.3096238809263
65.51285568595509,SC,Q2W,5000.0,112.0,368.3546270997827
84.83428982440716,SC,Q2W,5000.0,112.0,250.03266922146327
109.85411419875572,SC,Q2W,5000.0,112.0,172.90607417056063
142.25293134853692,SC,Q2W,5000.0,112.0,122.51868784317597
184.20699693267164,SC,Q2W,5000.0,112.0,88.64542072258868
238.53440064314213,SC,Q2W,5000.0,112.0,65.17532761182848
308.88435964774783,SC,Q2W,5000.0,112.0,48.49997602170851
399.9823395608933,SC,Q2W,5000.0,112.0,36.41682788460927
517.9474679231213,SC,Q2W,5000.0,112.0,27.52871810540978
670.7035611184313,SC,Q2W,5000.0,112.0,20.915512666085746
868.511373751352,SC,Q2W,5000.0,112.0,15.952078106785343
1124.6578221198197,SC,Q2W,5000.0,112.0,12.201914233787187
1456.3484775012444,SC,Q2W,5000.0,112.0,9.354059444534725
1885.8632787726515,SC,Q2W,5000.0,112.0,7.183058972118137
2442.05309454865,SC,Q2W,5000.0,112.0,5.523104937853193
3162.2776601683795,SC,Q2W,5000.0,112.0,4.250980537569463
0.01,SC,Q2W,10000.0,112.0,9999.620593131167
0.012949258422052624,SC,Q2W,10000.0,112.0,9999.508687020903
0.016768329368110083,SC,Q2W,10000.0,112.0,9999.363768913048
0.021713743029375187,SC,Q2W,10000.0,112.0,9999.176105848359
0.028117686979742307,SC,Q2W,10000.0,112.0,9998.933094412765
0.03641031949310673,SC,Q2W,10000.0,112.0,9998.618395954329
0.04714866363457394,SC,Q2W,10000.0,112.0,9998.210810610255
0.061054022965853265,SC,Q2W,10000.0,112.0,9997.683020345929
0.07906043210907701,SC,Q2W,10000.0,112.0,9996.99943591188
0.10237739663395848,SC,Q2W,10000.0,112.0,9996.114082387168
0.13257113655901087,SC,Q2W,10000.0,112.0,9994.967300341312
0.17166979066078603,SC,Q2W,10000.0,112.0,9993.481864956193
0.22229964825261944,SC,Q2W,10000.0,112.0,9991.557515532568
0.2878615592354568,SC,Q2W,10000.0,112.0,9989.064355502614
0.372759372031494,SC,Q2W,10000.0,112.0,9985.83346711149
0.4826957437677871,SC,Q2W,10000.0,112.0,9981.646035645179
0.6250551925273973,SC,Q2W,10000.0,112.0,9976.216974982133
0.8094001216083124,SC,Q2W,10000.0,112.0,9969.175980444797
1.0481131341546852,SC,Q2W,10000.0,112.0,9960.039973346991
1.3572287829716538,SC,Q2W,10000.0,112.0,9948.179270381805
1.7575106248547911,SC,Q2W,10000.0,112.0,9932.765313955182
2.2758459260747887,SC,Q2W,10000.0,112.0,9912.71192212885
2.9470517025518097,SC,Q2W,10000.0,112.0,9886.615580800792
3.816213407949357,SC,Q2W,10000.0,112.0,9852.491945855158
4.941713361323833,SC,Q2W,10000.0,112.0,9807.853421842196
6.399152336349267,SC,Q2W,10000.0,112.0,9749.159641627632
8.286427728546842,SC,Q2W,10000.0,112.0,9671.513535824575
10.730309405261565,SC,Q2W,10000.0,112.0,9567.775126279228
13.894954943731374,SC,Q2W,10000.0,112.0,9426.55664318026
17.992936232915536,SC,Q2W,10000.0,112.0,9214.974462703878
23.29951810515372,SC,Q2W,10000.0,112.0,8610.74655144157
30.171148105292957,SC,Q2W,10000.0,112.0,6125.450656041738
39.06939937054617,SC,Q2W,10000.0,112.0,3227.2448216574608
50.59197488435822,SC,Q2W,10000.0,112.0,1876.4337383406128
65.51285568595509,SC,Q2W,10000.0,112.0,1236.6378162474614
84.83428982440716,SC,Q2W,10000.0,112.0,847.284408892755
109.85411419875572,SC,Q2W,10000.0,112.0,561.677781026538
142.25293134853692,SC,Q2W,10000.0,112.0,358.3010087550809
184.20699693267164,SC,Q2W,10000.0,112.0,234.1193259160826
238.53440064314213,SC,Q2W,10000.0,112.0,159.60132595771233
308.88435964774783,SC,Q2W,10000.0,112.0,112.56401156816003
399.9823395608933,SC,Q2W,10000.0,112.0,81.34642913611059
517.9474679231213,SC,Q2W,10000.0,112.0,59.812518909375804
670.7035611184313,SC,Q2W,10000.0,112.0,44.529397070233834
868.511373751352,SC,Q2W,10000.0,112.0,33.45375469574841
1124.6578221198197,SC,Q2W,10000.0,112.0,25.301695192773696
1456.3484775012444,SC,Q2W,10000.0,112.0,19.231956085707736
1885.8632787726515,SC,Q2W,10000.0,112.0,14.673281243993864
2442.05309454865,SC,Q2W,10000.0,112.0,11.227022629901395
3162.2776601683795,SC,Q2W,10000.0,112.0,8.608728049082037
0.01,SC,Q2W,40000.0,112.0,39999.633348805975
0.012949258422052624,SC,Q2W,40000.0,112.0,39999.52520136421
0.016768329368110083,SC,Q2W,40000.0,112.0,39999.3851725462
0.021713743029375187,SC,Q2W,40000.0,112.0,39999.203856907094
0.028117686979742307,SC,Q2W,40000.0,112.0,39998.969039181844
0.03641031949310673,SC,Q2W,40000.0,112.0,39998.66498503032
0.04714866363457394,SC,Q2W,40000.0,112.0,39998.27120603654
0.061054022965853265,SC,Q2W,40000.0,112.0,39997.76136622164
0.07906043210907701,SC,Q2W,40000.0,112.0,39997.10109141861
0.10237739663395848,SC,Q2W,40000.0,112.0,39996.246204274925
0.13257113655901087,SC,Q2W,40000.0,112.0,39995.13904754136
0.17166979066078603,SC,Q2W,40000.0,112.0,39993.705382110085
0.22229964825261944,SC,Q2W,40000.0,112.0,39991.8485367084
0.2878615592354568,SC,Q2W,40000.0,112.0,39989.44429879307
0.372759372031494,SC,Q2W,40000.0,112.0,39986.33104351599
0.4826957437677871,SC,Q2W,40000.0,112.0,39982.298975384525
0.6250551925273973,SC,Q2W,40000.0,112.0,39977.07774229868
0.8094001216083124,SC,Q2W,40000.0,112.0,39970.31520691219
1.0481131341546852,SC,Q2W,40000.0,112.0,39961.55752910688
1.3572287829716538,SC,Q2W,40000.0,112.0,39950.214729909065
1.7575106248547911,SC,Q2W,40000.0,112.0,39935.524089373466
2.2758459260747887,SC,Q2W,40000.0,112.0,39916.4932973371
2.9470517025518097,SC,Q2W,40000.0,112.0,39891.84486503529
3.816213407949357,SC,Q2W,40000.0,112.0,39859.90589044441
4.941713361323833,SC,Q2W,40000.0,112.0,39818.51880897912
6.399152336349267,SC,Q2W,40000.0,112.0,39764.884621693505
8.286427728546842,SC,Q2W,40000.0,112.0,39695.34451290924
10.730309405261565,SC,Q2W,40000.0,112.0,39605.1654255681
13.894954943731374,SC,Q2W,40000.0,112.0,39488.17147387272
17.992936232915536,SC,Q2W,40000.0,112.0,39336.27222063221
23.29951810515372,SC,Q2W,40000.0,112.0,39138.8650365327
30.171148105292957,SC,Q2W,40000.0,112.0,38881.991931359174
39.06939937054617,SC,Q2W,40000.0,112.0,38547.05689565706
50.59197488435822,SC,Q2W,40000.0,112.0,38109.04980863973
65.51285568595509,SC,Q2W,40000.0,112.0,37533.59394251863
84.83428982440716,SC,Q2W,40000.0,112.0,36771.47497764614
109.85411419875572,SC,Q2W,40000.0,112.0,35432.129878600506
142.25293134853692,SC,Q2W,40000.0,112.0,14052.319107100362
184.20699693267164,SC,Q2W,40000.0,112.0,3655.7356562928694
238.53440064314213,SC,Q2W,40000.0,112.0,1959.5529862763888
308.88435964774783,SC,Q2W,40000.0,112.0,1294.0569157808054
399.9823395608933,SC,Q2W,40000.0,112.0,837.1847208014971
517.9474679231213,SC,Q2W,40000.0,112.0,480.4865401139721
670.7035611184313,SC,Q2W,40000.0,112.0,288.6547472963708
868.511373751352,SC,Q2W,40000.0,112.0,188.49152963447543
1124.6578221198197,SC,Q2W,40000.0,112.0,129.79428582287758
1456.3484775012444,SC,Q2W,40000.0,112.0,92.43734508672765
1885.8632787726515,SC,Q2W,40000.0,112.0,67.32310276718694
2442.05309454865,SC,Q2W,40000.0,112.0,49.79638827789533
3162.2776601683795,SC,Q2W,40000.0,112.0,37.239729735955656
0.01,SC,Q4W,500.0,224.0,499.9244954336237
0.012949258422052624,SC,Q4W,500.0,224.0,499.9022124491119
0.016768329368110083,SC,Q4W,500.0,224.0,499.8733476031262
0.021713743029375187,SC,Q4W,500.0,224.0,499.835953077058
0.028117686979742307,SC,Q4W,500.0,224.0,499.78750157314136
0.03641031949310673,SC,Q4W,500.0,224.0,499.7247128233642
0.04714866363457394,SC,Q4W,500.0,224.0,499.6433253350917
0.061054022965853265,SC,Q4W,500.0,224.0,499.5378650503063
0.07906043210907701,SC,Q4W,500.0,224.0,499.40092724289343
0.10237739663395848,SC,Q4W,500.0,224.0,499.2233160277959
0.13257113655901087,SC,Q4W,500.0,224.0,498.99295910688954
0.17166979066078603,SC,Q4W,500.0,224.0,498.69266121300734
0.22229964825261944,SC,Q4W,500.0,224.0,498.30415590179734
0.2878615592354568,SC,Q4W,500.0,224.0,497.7941238430064
0.372759372031494,SC,Q4W,500.0,224.0,497.12975884263824
0.4826957437677871,SC,Q4W,500.0,224.0,496.25952047187064
0.6250551925273973,SC,Q4W,500.0,224.0,495.115052199746
0.8094001216083124,SC,Q4W,500.0,224.0,493.60422950723796
1.0481131341546852,SC,Q4W,500.0,224.0,491.5871531978404
1.3572287829716538,SC,Q4W,500.0,224.0,488.85194324235266
1.7575106248547911,SC,Q4W,500.0,224.0,485.0021786656945
2.2758459260747887,SC,Q4W,500.0,224.0,479.1970717358485
2.9470517025518097,SC,Q4W,500.0,224.0,469.75285990650417
3.816213407949357,SC,Q4W,500.0,224.0,454.0117773404521
4.941713361323833,SC,Q4W,500.0,224.0,429.18735045487176
6.399152336349267,SC,Q4W,500.0,224.0,393.9558065792158
8.286427728546842,SC,Q4W,500.0,224.0,349.61137364703006
10.730309405261565,SC,Q4W,500.0,224.0,299.71621564954745
13.894954943731374,SC,Q4W,500.0,224.0,248.79469996325133
17.992936232915536,SC,Q4W,500.0,224.0,200.93525365596727
23.29951810515372,SC,Q4W,500.0,224.0,158.88001019896626
30.171148105292957,SC,Q4W,500.0,224.0,123.7959091247318
39.06939937054617,SC,Q4W,500.0,224.0,95.59562049315284
50.59197488435822,SC,Q4W,500.0,224.0,73.47152889980394
65.51285568595509,SC,Q4W,500.0,224.0,56.35893637261468
84.83428982440716,SC,Q4W,500.0,224.0,43.218490483630724
109.85411419875572,SC,Q4W,500.0,224.0,33.158295556292586
142.25293134853692,SC,Q4W,500.0,224.0,25.4612708037315
184.20699693267164,SC,Q4W,500.0,224.0,19.5687879841021
238.53440064314213,SC,Q4W,500.0,224.0,15.05298367789535
308.88435964774783,SC,Q4W,500.0,224.0,11.58805954889541
399.9823395608933,SC,Q4W,500.0,224.0,8.926401349771503
517.9474679231213,SC,Q4W,500.0,224.0,6.879723275444195
670.7035611184313,SC,Q4W,500.0,224.0,5.304563941973504
868.511373751352,SC,Q4W,500.0,224.0,4.0914337720023575
1124.6578221198197,SC,Q4W,500.0,224.0,3.1565784302737168
1456.3484775012444,SC,Q4W,500.0,224.0,2.4358564014687905
1885.8632787726515,SC,Q4W,500.0,224.0,1.8799976657671364
2442.05309454865,SC,Q4W,500.0,224.0,1.451171780581453
3162.2776601683795,SC,Q4W,500.0,224.0,1.1202734476528888
0.01,SC,Q4W,1000.0,224.0,999.9366123107806
0.012949258422052624,SC,Q4W,1000.0,224.0,999.9179103158715
0.016768329368110083,SC,Q4W,1000.0,224.0,999.8936878311848
0.021713743029375187,SC,Q4W,1000.0,224.0,999.8623125309404
0.028117686979742307,SC,Q4W,1000.0,224.0,999.8216708160867
0.03641031949310673,SC,Q4W,1000.0,224.0,999.7690185415848
0.04714866363457394,SC,Q4W,1000.0,224.0,999.7007975310801
0.061054022965853265,SC,Q4W,1000.0,224.0,999.6123905120551
0.07906043210907701,SC,Q4W,1000.0,224.0,999.4977959913392
0.10237739663395848,SC,Q4W,1000.0,224.0,999.3492133244555
0.13257113655901087,SC,Q4W,1000.0,224.0,999.1564842874301
0.17166979066078603,SC,Q4W,1000.0,224.0,998.9063616899199
0.22229964825261944,SC,Q4W,1000.0,224.0,998.581711486039
0.2878615592354568,SC,Q4W,1000.0,224.0,998.1592645324404
0.372759372031494,SC,Q4W,1000.0,224.0,997.6118297743448
0.4826957437677871,SC,Q4W,1000.0,224.0,996.8931328205651
0.6250551925273973,SC,Q4W,1000.0,224.0,995.9568743698723
0.8094001216083124,SC,Q4W,1000.0,224.0,994.7317957783621
1.0481131341546852,SC,Q4W,1000.0,224.0,993.1146786473693
1.3572287829716538,SC,Q4W,1000.0,224.0,990.9773898233678
1.7575106248547911,SC,Q4W,1000.0,224.0,988.1292631391356
2.2758459260747887,SC,Q4W,1000.0,224.0,984.2889270088873
2.9470517025518097,SC,Q4W,1000.0,224.0,978.9825667790104
3.816213407949357,SC,Q4W,1000.0,224.0,971.1454852666071
4.941713361323833,SC,Q4W,1000.0,224.0,957.8551370735202
6.399152336349267,SC,Q4W,1000.0,224.0,932.1063254986525
8.286427728546842,SC,Q4W,1000.0,224.0,882.5981740755003
10.730309405261565,SC,Q4W,1000.0,224.0,800.2466947502277
13.894954943731374,SC,Q4W,1000.0,224.0,687.7825434030325
17.992936232915536,SC,Q4W,1000.0,224.0,560.3360262053068
23.29951810515372,SC,Q4W,1000.0,224.0,436.22004870327606
30.171148105292957,SC,Q4W,1000.0,224.0,328.7076421903932
39.06939937054617,SC,Q4W,1000.0,224.0,243.2289867506583
50.59197488435822,SC,Q4W,1000.0,224.0,178.91228462916442
65.51285568595509,SC,Q4W,1000.0,224.0,131.8715219748891
84.83428982440716,SC,Q4W,1000.0,224.0,97.77137210370377
109.85411419875572,SC,Q4W,1000.0,224.0,72.99184229341282
142.25293134853692,SC,Q4W,1000.0,224.0,54.85032447781061
184.20699693267164,SC,Q4W,1000.0,224.0,41.45101436054616
238.53440064314213,SC,Q4W,1000.0,224.0,31.47083236872492
308.88435964774783,SC,Q4W,1000.0,224.0,23.982792491924872
399.9823395608933,SC,Q4W,1000.0,224.0,18.33037555266611
517.9474679231213,SC,Q4W,1000.0,224.0,14.042582659015817
670.7035611184313,SC,Q4W,1000.0,224.0,10.77719334173282
868.511373751352,SC,Q4W,1000.0,224.0,8.282738336805375
1124.6578221198197,SC,Q4W,1000.0,224.0,6.372555424214124
1456.3484775012444,SC,Q4W,1000.0,224.0,4.907045103687559
1885.8632787726515,SC,Q4W,1000.0,224.0,3.781027018573221
2442.05309454865,SC,Q4W,1000.0,224.0,2.9148710281025707
3162.2776601683795,SC,Q4W,1000.0,224.0,2.248008825456397
0.01,SC,Q4W,3000.0,224.0,2999.9646917583314
0.012949258422052624,SC,Q4W,3000.0,224.0,2999.954277805097
0.016768329368110083,SC,Q4W,3000.0,224.0,2999.940791534037
0.021713743029375187,SC,Q4W,3000.0,224.0,2999.923326550059
0.028117686979742307,SC,Q4W,3000.0,224.0,2999.9007088988155
0.03641031949310673,SC,Q4W,3000.0,224.0,2999.8714171933825
0.04714866363457394,SC,Q4W,3000.0,224.0,2999.8334817020072
0.061054022965853265,SC,Q4W,3000.0,224.0,2999.7843484511072
0.07906043210907701,SC,Q4W,3000.0,224.0,2999.720709775931
0.10237739663395848,SC,Q4W,3000.0,224.0,2999.6382766660513
0.13257113655901087,SC,Q4W,3000.0,224.0,2999.531487239259
0.17166979066078603,SC,Q4W,3000.0,224.0,2999.393123746179
0.22229964825261944,SC,Q4W,3000.0,224.0,2999.214246520956
0.2878615592354568,SC,Q4W,3000.0,224.0,2998.9816179034574
0.372759372031494,SC,Q4W,3000.0,224.0,2998.6802208487534
0.4826957437677871,SC,Q4W,3000.0,224.0,2998.289490469436
0.6250551925273973,SC,Q4W,3000.0,224.0,2997.7824839743157
0.8094001216083124,SC,Q4W,3000.0,224.0,2997.1239860914666
1.0481131341546852,SC,Q4W,3000.0,224.0,2996.269560719123
1.3572287829716538,SC,Q4W,3000.0,224.0,2995.154040233467
1.7575106248547911,SC,Q4W,3000.0,224.0,2993.7011904585734
2.2758459260747887,SC,Q4W,3000.0,224.0,2991.797955671784
2.9470517025518097,SC,Q4W,3000.0,224.0,2989.3001837493107
3.816213407949357,SC,Q4W,3000.0,224.0,2985.999149807967
4.941713361323833,SC,Q4W,3000.0,224.0,2981.6130811158755
6.399152336349267,SC,Q4W,3000.0,224.0,2975.7432855700263
8.286427728546842,SC,Q4W,3000.0,224.0,2967.825146221515
10.730309405261565,SC,Q4W,3000.0,224.0,2956.985935672249
13.894954943731374,SC,Q4W,3000.0,224.0,2941.32109778603
17.992936232915536,SC,Q4W,3000.0,224.0,2912.3298023314774
23.29951810515372,SC,Q4W,3000.0,224.0,2826.0581458059605
30.171148105292957,SC,Q4W,3000.0,224.0,2556.59134788019
39.06939937054617,SC,Q4W,3000.0,224.0,2013.5465677490347
50.59197488435822,SC,Q4W,3000.0,224.0,1383.660333931756
65.51285568595509,SC,Q4W,3000.0,224.0,882.7291513603625
84.83428982440716,SC,Q4W,3000.0,224.0,552.3754873528519
109.85411419875572,SC,Q4W,3000.0,224.0,353.34891465002033
142.25293134853692,SC,Q4W,3000.0,224.0,234.9589413790619
184.20699693267164,SC,Q4W,3000.0,224.0,162.09828994810903
238.53440064314213,SC,Q4W,3000.0,224.0,115.11656356573224
308.88435964774783,SC,Q4W,3000.0,224.0,83.52431543067914
399.9823395608933,SC,Q4W,3000.0,224.0,61.5613850501784
517.9474679231213,SC,Q4W,3000.0,224.0,45.90026382569107
670.7035611184313,SC,Q4W,3000.0,224.0,34.516950833222225
868.511373751352,SC,Q4W,3000.0,224.0,26.122729342478138
1124.6578221198197,SC,Q4W,3000.0,224.0,19.864858959041815
1456.3484775012444,SC,Q4W,3000.0,224.0,15.16089921732845
1885.8632787726515,SC,Q4W,3000.0,224.0,11.602700635665546
2442.05309454865,SC,Q4W,3000.0,224.0,8.8982324057986
3162.2776601683795,SC,Q4W,3000.0,224.0,6.83509065644488
0.01,SC,Q4W,5000.0,224.0,4999.9743780256085
0.012949258422052624,SC,Q4W,5000.0,224.0,4999.966821198489
0.016768329368110083,SC,Q4W,5000.0,224.0,4999.957035472969
0.021713743029375187,SC,Q4W,5000.0,224.0,4999.944363260931
0.028117686979742307,SC,Q4W,5000.0,224.0,4999.927952854508
0.03641031949310673,SC,Q4W,5000.0,224.0,4999.9067006053665
0.04714866363457394,SC,Q4W,5000.0,224.0,4999.879180899439
0.061054022965853265,SC,Q4W,5000.0,224.0,4999.843541452937
0.07906043210907701,SC,Q4W,5000.0,224.0,4999.797386030166
0.10237739663395848,SC,Q4W,5000.0,224.0,4999.737607697616
0.13257113655901087,SC,Q4W,5000.0,224.0,4999.6601863863425
0.17166979066078603,SC,Q4W,5000.0,224.0,4999.559912311759
0.22229964825261944,SC,Q4W,5000.0,224.0,4999.430019120376
0.2878615592354568,SC,Q4W,5000.0,224.0,4999.261905796658
0.372759372031494,SC,Q4W,5000.0,224.0,4999.043623718155
0.4826957437677871,SC,Q4W,5000.0,224.0,4998.761161427497
0.6250551925273973,SC,Q4W,5000.0,224.0,4998.395122009406
0.8094001216083124,SC,Q4W,5000.0,224.0,4997.920414551982
1.0481131341546852,SC,Q4W,5000.0,224.0,4997.30465808585
1.3572287829716538,SC,Q4W,5000.0,224.0,4996.505391808566
1.7575106248547911,SC,Q4W,5000.0,224.0,4995.468270392284
2.2758459260747887,SC,Q4W,5000.0,224.0,4994.119032777777
2.9470517025518097,SC,Q4W,5000.0,224.0,4992.361387588387
3.816213407949357,SC,Q4W,5000.0,224.0,4990.062068517108
4.941713361323833,SC,Q4W,5000.0,224.0,4987.052057093591
6.399152336349267,SC,Q4W,5000.0,224.0,4983.093894413714
8.286427728546842,SC,Q4W,5000.0,224.0,4977.814230948365
10.730309405261565,SC,Q4W,5000.0,224.0,4970.788972322022
13.894954943731374,SC,Q4W,5000.0,224.0,4961.373100886622
17.992936232915536,SC,Q4W,5000.0,224.0,4948.642276365504
23.29951810515372,SC,Q4W,5000.0,224.0,4931.188124364204
30.171148105292957,SC,Q4W,5000.0,224.0,4905.032939684031
39.06939937054617,SC,Q4W,5000.0,224.0,4837.79408895728
50.59197488435822,SC,Q4W,5000.0,224.0,4507.819433461309
65.51285568595509,SC,Q4W,5000.0,224.0,3423.603464005663
84.83428982440716,SC,Q4W,5000.0,224.0,2045.0293963902202
109.85411419875572,SC,Q4W,5000.0,224.0,1131.8854890941172
142.25293134853692,SC,Q4W,5000.0,224.0,635.178813811905
184.20699693267164,SC,Q4W,5000.0,224.0,380.2877807604814
238.53440064314213,SC,Q4W,5000.0,224.0,244.30032137929769
308.88435964774783,SC,Q4W,5000.0,224.0,165.57030871515772
399.9823395608933,SC,Q4W,5000.0,224.0,116.44161335702464
517.9474679231213,SC,Q4W,5000.0,224.0,84.00140196844455
670.7035611184313,SC,Q4W,5000.0,224.0,61.691651271901925
868.511373751352,SC,Q4W,5000.0,224.0,45.88963957588625
1124.6578221198197,SC,Q4W,5000.0,224.0,34.453984770722315
1456.3484775012444,SC,Q4W,5000.0,224.0,26.046002608301592
1885.8632787726515,SC,Q4W,5000.0,224.0,19.790710607120477
2442.05309454865,SC,Q4W,5000.0,224.0,15.095546054938529
3162.2776601683795,SC,Q4W,5000.0,224.0,11.547732458304965
0.01,SC,Q4W,10000.0,224.0,9999.982987918407
0.012949258422052624,SC,Q4W,10000.0,224.0,9999.977970576681
0.016768329368110083,SC,Q4W,10000.0,224.0,9999.971473382797
0.021713743029375187,SC,Q4W,10000.0,224.0,9999.963060283018
0.028117686979742307,SC,Q4W,10000.0,224.0,9999.952165567438
0.03641031949310673,SC,Q4W,10000.0,224.0,9999.93805742103
0.04714866363457394,SC,Q4W,10000.0,224.0,9999.919786674494
0.061054022965853265,SC,Q4W,10000.0,224.0,9999.896129420245
0.07906043210907701,SC,Q4W,10000.0,224.0,9999.865492969564
0.10237739663395848,SC,Q4W,10000.0,224.0,9999.82581903084
0.13257113655901087,SC,Q4W,10000.0,224.0,9999.774441269677
0.17166979066078603,SC,Q4W,10000.0,224.0,9999.707906825222
0.22229964825261944,SC,Q4W,10000.0,224.0,9999.621741879677
0.2878615592354568,SC,Q4W,10000.0,224.0,9999.510149047645
0.372759372031494,SC,Q4W,10000.0,224.0,9999.365620442353
0.4826957437677871,SC,Q4W,10000.0,224.0,9999.178431602773
0.6250551925273973,SC,Q4W,10000.0,224.0,9998.935972916066
0.8094001216083124,SC,Q4W,10000.0,224.0,9998.62187677742
1.0481131341546852,SC,Q4W,10000.0,224.0,9998.215052461215
1.3572287829716538,SC,Q4W,10000.0,224.0,9997.687774036167
1.7575106248547911,SC,Q4W,10000.0,224.0,9997.004530592503
2.2758459260747887,SC,Q4W,10000.0,224.0,9996.118740770175
2.9470517025518097,SC,Q4W,10000.0,224.0,9994.969723858118
3.816213407949357,SC,Q4W,10000.0,224.0,9993.480591338719
4.941713361323833,SC,Q4W,10000.0,224.0,9991.544254281936
6.399152336349267,SC,Q4W,10000.0,224.0,9989.026569671543
8.286427728546842,SC,Q4W,10000.0,224.0,9985.742023468607
10.730309405261565,SC,Q4W,10000.0,224.0,9981.438646126388
13.894954943731374,SC,Q4W,10000.0,224.0,9975.772347624183
17.992936232915536,SC,Q4W,10000.0,224.0,9968.282355702444
23.29951810515372,SC,Q4W,10000.0,224.0,9958.342186347196
30.171148105292957,SC,Q4W,10000.0,224.0,9945.111851881382
39.06939937054617,SC,Q4W,10000.0,224.0,9927.424864944827
50.59197488435822,SC,Q4W,10000.0,224.0,9903.57782307579
65.51285568595509,SC,Q4W,10000.0,224.0,9870.973720874756
84.83428982440716,SC,Q4W,10000.0,224.0,9815.959373484087
109.85411419875572,SC,Q4W,10000.0,224.0,9439.07407142167
142.25293134853692,SC,Q4W,10000.0,224.0,6395.865532724648
184.20699693267164,SC,Q4W,10000.0,224.0,2699.4306947862647
238.53440064314213,SC,Q4W,10000.0,224.0,1205.1860836486655
308.88435964774783,SC,Q4W,10000.0,224.0,603.6996164730621
399.9823395608933,SC,Q4W,10000.0,224.0,348.1658264464401
517.9474679231213,SC,Q4W,10000.0,224.0,221.98599578769034
670.7035611184313,SC,Q4W,10000.0,224.0,150.51063078310207
868.511373751352,SC,Q4W,10000.0,224.0,106.07580693011678
1124.6578221198197,SC,Q4W,10000.0,224.0,76.6942176028141
1456.3484775012444,SC,Q4W,10000.0,224.0,56.4324878304697
1885.8632787726515,SC,Q4W,10000.0,224.0,42.042117778570386
2442.05309454865,SC,Q4W,10000.0,224.0,31.60347123156239
3162.2776601683795,SC,Q4W,10000.0,224.0,23.91362871500228
0.01,SC,Q4W,40000.0,224.0,39999.990329256136
0.012949258422052624,SC,Q4W,40000.0,224.0,39999.9874768801
0.016768329368110083,SC,Q4W,40000.0,224.0,39999.98378348297
0.021713743029375187,SC,Q4W,40000.0,224.0,39999.97900085904
0.028117686979742307,SC,Q4W,40000.0,224.0,39999.97280804513
0.03641031949310673,SC,Q4W,40000.0,224.0,39999.964788547615
0.04714866363457394,SC,Q4W,40000.0,224.0,39999.95440253522
0.061054022965853265,SC,Q4W,40000.0,224.0,39999.940955224316
0.07906043210907701,SC,Q4W,40000.0,224.0,39999.923541571865
0.10237739663395848,SC,Q4W,40000.0,224.0,39999.90099278297
0.13257113655901087,SC,Q4W,40000.0,224.0,39999.871792208454
0.17166979066078603,SC,Q4W,40000.0,224.0,39999.833980546224
0.22229964825261944,SC,Q4W,40000.0,224.0,39999.78501576373
0.2878615592354568,SC,Q4W,40000.0,224.0,39999.72160976959
0.372759372031494,SC,Q4W,40000.0,224.0,39999.63949529658
0.4826957437677871,SC,Q4W,40000.0,224.0,39999.53317535176
0.6250551925273973,SC,Q4W,40000.0,224.0,39999.39548868529
0.8094001216083124,SC,Q4W,40000.0,224.0,39999.217192260876
1.0481131341546852,SC,Q4W,40000.0,224.0,39998.98629698394
1.3572287829716538,SC,Q4W,40000.0,224.0,39998.68730838464
1.7575106248547911,SC,Q4W,40000.0,224.0,39998.300040701695
2.2758459260747887,SC,Q4W,40000.0,224.0,39997.79865064885
2.9470517025518097,SC,Q4W,40000.0,224.0,39997.14925992842
3.816213407949357,SC,Q4W,40000.0,224.0,39996.308225450106
4.941713361323833,SC,Q4W,40000.0,224.0,39995.21896049729
6.399152336349267,SC,Q4W,40000.0,224.0,39993.80801444486
8.286427728546842,SC,Q4W,40000.0,224.0,39991.980486765635
10.730309405261565,SC,Q4W,40000.0,224.0,39989.61409182713
13.894954943731374,SC,Q4W,40000.0,224.0,39986.54635931845
17.992936232915536,SC,Q4W,40000.0,224.0,39982.56936017331
23.29951810515372,SC,Q4W,40000.0,224.0,39977.41895518728
30.171148105292957,SC,Q4W,40000.0,224.0,39970.731036979494
39.06939937054617,SC,Q4W,40000.0,224.0,39962.03690472345
50.59197488435822,SC,Q4W,40000.0,224.0,39950.65293546914
65.51285568595509,SC,Q4W,40000.0,224.0,39935.85593272253
84.83428982440716,SC,Q4W,40000.0,224.0,39916.43726172443
109.85411419875572,SC,Q4W,40000.0,224.0,39890.98735998789
142.25293134853692,SC,Q4W,40000.0,224.0,39857.58753707016
184.20699693267164,SC,Q4W,40000.0,224.0,39813.71019737934
238.53440064314213,SC,Q4W,40000.0,224.0,39755.97429692192
308.88435964774783,SC,Q4W,40000.0,224.0,39679.47471666928
399.9823395608933,SC,Q4W,40000.0,224.0,39577.48968900361
517.9474679231213,SC,Q4W,40000.0,224.0,39340.95912996731
670.7035611184313,SC,Q4W,40000.0,224.0,13241.736831197719
868.511373751352,SC,Q4W,40000.0,224.0,2479.1821609162066
1124.6578221198197,SC,Q4W,40000.0,224.0,909.186816941601
1456.3484775012444,SC,Q4W,40000.0,224.0,448.3737654297927
1885.8632787726515,SC,Q4W,40000.0,224.0,267.75973084308526
2442.05309454865,SC,Q4W,40000.0,224.0,175.64864684139502
3162.2776601683795,SC,Q4W,40000.0,224.0,121.45071768666779